path,name,type,size_bytes,created,modified
Sound_Clips_Free\Creature\Mono\Long\Alien Language Chatter.ogg,Alien Language Chatter.ogg,.ogg,94498,5/3/2025 13:04,5/3/2025 13:11
Sound_Clips_Free\Creature\Mono\Long\Alien Language Chatter.wav,Alien Language Chatter.wav,.wav,1012056,5/3/2025 13:04,5/3/2025 13:11
Sound_Clips_Free\Creature\Mono\Long\Alien Language Chatter_1.ogg,Alien Language Chatter_1.ogg,.ogg,97729,5/3/2025 13:06,5/3/2025 13:11
Sound_Clips_Free\Creature\Mono\Long\Alien Language Chatter_1.wav,Alien Language Chatter_1.wav,.wav,1011942,5/3/2025 13:06,5/3/2025 13:11
Sound_Clips_Free\Creature\Mono\Long\Alien Language Chatter_2.ogg,Alien Language Chatter_2.ogg,.ogg,108335,5/3/2025 13:06,5/3/2025 13:11
Sound_Clips_Free\Creature\Mono\Long\Alien Language Chatter_2.wav,Alien Language Chatter_2.wav,.wav,1011942,5/3/2025 13:06,5/3/2025 13:11
Sound_Clips_Free\Creature\Mono\Long\Alien Language Chatter_3.ogg,Alien Language Chatter_3.ogg,.ogg,98600,5/3/2025 13:06,5/3/2025 13:11
Sound_Clips_Free\Creature\Mono\Long\Alien Language Chatter_3.wav,Alien Language Chatter_3.wav,.wav,1011942,5/3/2025 13:06,5/3/2025 13:11
Sound_Clips_Free\Creature\Mono\Long\Robot Language Chatter.ogg,Robot Language Chatter.ogg,.ogg,91623,5/3/2025 13:04,5/3/2025 13:11
Sound_Clips_Free\Creature\Mono\Long\Robot Language Chatter.wav,Robot Language Chatter.wav,.wav,919748,5/3/2025 13:04,5/3/2025 13:11
Sound_Clips_Free\Creature\Mono\Long\Robot Language Chatter_1.ogg,Robot Language Chatter_1.ogg,.ogg,102121,5/3/2025 13:06,5/3/2025 13:11
Sound_Clips_Free\Creature\Mono\Long\Robot Language Chatter_1.wav,Robot Language Chatter_1.wav,.wav,919750,5/3/2025 13:06,5/3/2025 13:11
Sound_Clips_Free\Creature\Mono\Long\Robot Language Chatter_2.ogg,Robot Language Chatter_2.ogg,.ogg,113226,5/3/2025 13:06,5/3/2025 13:11
Sound_Clips_Free\Creature\Mono\Long\Robot Language Chatter_2.wav,Robot Language Chatter_2.wav,.wav,919750,5/3/2025 13:06,5/3/2025 13:11
Sound_Clips_Free\Creature\Mono\Long\Robot Language Chatter_3.ogg,Robot Language Chatter_3.ogg,.ogg,103538,5/3/2025 13:06,5/3/2025 13:11
Sound_Clips_Free\Creature\Mono\Long\Robot Language Chatter_3.wav,Robot Language Chatter_3.wav,.wav,919750,5/3/2025 13:06,5/3/2025 13:11
Sound_Clips_Free\Creature\Mono\Medium\Alien_Creature_Roar.ogg,Alien_Creature_Roar.ogg,.ogg,42200,5/3/2025 13:04,5/3/2025 13:11
Sound_Clips_Free\Creature\Mono\Medium\Alien_Creature_Roar.wav,Alien_Creature_Roar.wav,.wav,304514,5/3/2025 13:04,5/3/2025 13:11
Sound_Clips_Free\Creature\Mono\Medium\Alien_Creature_Roar_1.ogg,Alien_Creature_Roar_1.ogg,.ogg,34510,5/3/2025 13:06,5/3/2025 13:11
Sound_Clips_Free\Creature\Mono\Medium\Alien_Creature_Roar_1.wav,Alien_Creature_Roar_1.wav,.wav,304398,5/3/2025 13:06,5/3/2025 13:11
Sound_Clips_Free\Creature\Mono\Medium\Alien_Creature_Roar_2.ogg,Alien_Creature_Roar_2.ogg,.ogg,34812,5/3/2025 13:06,5/3/2025 13:11
Sound_Clips_Free\Creature\Mono\Medium\Alien_Creature_Roar_2.wav,Alien_Creature_Roar_2.wav,.wav,304398,5/3/2025 13:06,5/3/2025 13:11
Sound_Clips_Free\Creature\Mono\Medium\Alien_Creature_Roar_3.ogg,Alien_Creature_Roar_3.ogg,.ogg,34755,5/3/2025 13:06,5/3/2025 13:11
Sound_Clips_Free\Creature\Mono\Medium\Alien_Creature_Roar_3.wav,Alien_Creature_Roar_3.wav,.wav,304398,5/3/2025 13:06,5/3/2025 13:11
Sound_Clips_Free\Creature\Mono\Short\Alien Insect Scurry.ogg,Alien Insect Scurry.ogg,.ogg,18036,5/3/2025 13:04,5/3/2025 13:11
Sound_Clips_Free\Creature\Mono\Short\Alien Insect Scurry.wav,Alien Insect Scurry.wav,.wav,66512,5/3/2025 13:04,5/3/2025 13:11
Sound_Clips_Free\Creature\Mono\Short\Alien Insect Scurry_1.ogg,Alien Insect Scurry_1.ogg,.ogg,13498,5/3/2025 13:06,5/3/2025 13:11
Sound_Clips_Free\Creature\Mono\Short\Alien Insect Scurry_1.wav,Alien Insect Scurry_1.wav,.wav,66396,5/3/2025 13:06,5/3/2025 13:11
Sound_Clips_Free\Creature\Mono\Short\Alien Insect Scurry_2.ogg,Alien Insect Scurry_2.ogg,.ogg,13022,5/3/2025 13:06,5/3/2025 13:11
Sound_Clips_Free\Creature\Mono\Short\Alien Insect Scurry_2.wav,Alien Insect Scurry_2.wav,.wav,66396,5/3/2025 13:06,5/3/2025 13:11
Sound_Clips_Free\Creature\Mono\Short\Alien Insect Scurry_3.ogg,Alien Insect Scurry_3.ogg,.ogg,13001,5/3/2025 13:06,5/3/2025 13:11
Sound_Clips_Free\Creature\Mono\Short\Alien Insect Scurry_3.wav,Alien Insect Scurry_3.wav,.wav,66396,5/3/2025 13:06,5/3/2025 13:11
Sound_Clips_Free\Effect\Mono\Medium\Alien Language Chatter.wav,Alien Language Chatter.wav,.wav,1012056,5/3/2025 13:04,5/3/2025 13:11
Sound_Clips_Free\Effect\Mono\Medium\Alien Language Chatter_1.wav,Alien Language Chatter_1.wav,.wav,1011942,5/3/2025 13:06,5/3/2025 13:11
Sound_Clips_Free\Effect\Mono\Medium\Alien Language Chatter_2.wav,Alien Language Chatter_2.wav,.wav,1011942,5/3/2025 13:06,5/3/2025 13:11
Sound_Clips_Free\Effect\Mono\Medium\Alien Language Chatter_3.wav,Alien Language Chatter_3.wav,.wav,1011942,5/3/2025 13:06,5/3/2025 13:11
Sound_Clips_Free\Effect\Mono\Medium\EMP Blast.ogg,EMP Blast.ogg,.ogg,43634,5/3/2025 13:04,5/3/2025 13:11
Sound_Clips_Free\Effect\Mono\Medium\EMP Blast.wav,EMP Blast.wav,.wav,288256,5/3/2025 13:04,5/3/2025 13:11
Sound_Clips_Free\Effect\Mono\Medium\EMP Blast_1.ogg,EMP Blast_1.ogg,.ogg,29661,5/3/2025 13:06,5/3/2025 13:11
Sound_Clips_Free\Effect\Mono\Medium\EMP Blast_1.wav,EMP Blast_1.wav,.wav,289166,5/3/2025 13:06,5/3/2025 13:11
Sound_Clips_Free\Effect\Mono\Medium\EMP Blast_2.ogg,EMP Blast_2.ogg,.ogg,34657,5/3/2025 13:06,5/3/2025 13:11
Sound_Clips_Free\Effect\Mono\Medium\EMP Blast_2.wav,EMP Blast_2.wav,.wav,289166,5/3/2025 13:06,5/3/2025 13:11
Sound_Clips_Free\Effect\Mono\Medium\EMP Blast_3.ogg,EMP Blast_3.ogg,.ogg,29409,5/3/2025 13:06,5/3/2025 13:11
Sound_Clips_Free\Effect\Mono\Medium\EMP Blast_3.wav,EMP Blast_3.wav,.wav,289166,5/3/2025 13:06,5/3/2025 13:11
Sound_Clips_Free\Effect\Mono\Medium\Force_Field_Activation.ogg,Force_Field_Activation.ogg,.ogg,52913,5/3/2025 13:04,5/3/2025 13:11
Sound_Clips_Free\Effect\Mono\Medium\Force_Field_Activation.wav,Force_Field_Activation.wav,.wav,543250,5/3/2025 13:04,5/3/2025 13:11
Sound_Clips_Free\Effect\Mono\Medium\Force_Field_Activation_1.ogg,Force_Field_Activation_1.ogg,.ogg,55675,5/3/2025 13:06,5/3/2025 13:11
Sound_Clips_Free\Effect\Mono\Medium\Force_Field_Activation_1.wav,Force_Field_Activation_1.wav,.wav,543252,5/3/2025 13:06,5/3/2025 13:11
Sound_Clips_Free\Effect\Mono\Medium\Force_Field_Activation_2.ogg,Force_Field_Activation_2.ogg,.ogg,57723,5/3/2025 13:06,5/3/2025 13:11
Sound_Clips_Free\Effect\Mono\Medium\Force_Field_Activation_2.wav,Force_Field_Activation_2.wav,.wav,543252,5/3/2025 13:06,5/3/2025 13:11
Sound_Clips_Free\Effect\Mono\Medium\Force_Field_Activation_3.ogg,Force_Field_Activation_3.ogg,.ogg,56266,5/3/2025 13:06,5/3/2025 13:11
Sound_Clips_Free\Effect\Mono\Medium\Force_Field_Activation_3.wav,Force_Field_Activation_3.wav,.wav,543252,5/3/2025 13:06,5/3/2025 13:11
Sound_Clips_Free\Effect\Mono\Medium\Force_Field_Impact.ogg,Force_Field_Impact.ogg,.ogg,61641,5/3/2025 13:04,5/3/2025 13:11
Sound_Clips_Free\Effect\Mono\Medium\Force_Field_Impact.wav,Force_Field_Impact.wav,.wav,402530,5/3/2025 13:04,5/3/2025 13:11
Sound_Clips_Free\Effect\Mono\Medium\Force_Field_Impact_1.ogg,Force_Field_Impact_1.ogg,.ogg,42262,5/3/2025 13:06,5/3/2025 13:11
Sound_Clips_Free\Effect\Mono\Medium\Force_Field_Impact_1.wav,Force_Field_Impact_1.wav,.wav,402416,5/3/2025 13:06,5/3/2025 13:11
Sound_Clips_Free\Effect\Mono\Medium\Force_Field_Impact_2.ogg,Force_Field_Impact_2.ogg,.ogg,47344,5/3/2025 13:06,5/3/2025 13:11
Sound_Clips_Free\Effect\Mono\Medium\Force_Field_Impact_2.wav,Force_Field_Impact_2.wav,.wav,402416,5/3/2025 13:06,5/3/2025 13:11
Sound_Clips_Free\Effect\Mono\Medium\Force_Field_Impact_3.ogg,Force_Field_Impact_3.ogg,.ogg,41965,5/3/2025 13:06,5/3/2025 13:11
Sound_Clips_Free\Effect\Mono\Medium\Force_Field_Impact_3.wav,Force_Field_Impact_3.wav,.wav,402416,5/3/2025 13:06,5/3/2025 13:11
Sound_Clips_Free\Effect\Mono\Medium\Gravitational Pulse.ogg,Gravitational Pulse.ogg,.ogg,17308,5/3/2025 13:04,5/3/2025 13:11
Sound_Clips_Free\Effect\Mono\Medium\Gravitational Pulse.wav,Gravitational Pulse.wav,.wav,206102,5/3/2025 13:04,5/3/2025 13:11
Sound_Clips_Free\Effect\Mono\Medium\Gravitational Pulse_1.ogg,Gravitational Pulse_1.ogg,.ogg,17873,5/3/2025 13:06,5/3/2025 13:11
Sound_Clips_Free\Effect\Mono\Medium\Gravitational Pulse_1.wav,Gravitational Pulse_1.wav,.wav,206104,5/3/2025 13:06,5/3/2025 13:11
Sound_Clips_Free\Effect\Mono\Medium\Gravitational Pulse_2.ogg,Gravitational Pulse_2.ogg,.ogg,17584,5/3/2025 13:06,5/3/2025 13:11
Sound_Clips_Free\Effect\Mono\Medium\Gravitational Pulse_2.wav,Gravitational Pulse_2.wav,.wav,206104,5/3/2025 13:06,5/3/2025 13:11
Sound_Clips_Free\Effect\Mono\Medium\Gravitational Pulse_3.ogg,Gravitational Pulse_3.ogg,.ogg,17544,5/3/2025 13:06,5/3/2025 13:11
Sound_Clips_Free\Effect\Mono\Medium\Gravitational Pulse_3.wav,Gravitational Pulse_3.wav,.wav,206104,5/3/2025 13:06,5/3/2025 13:11
Sound_Clips_Free\Effect\Mono\Medium\Nano Bot Swarm.ogg,Nano Bot Swarm.ogg,.ogg,49583,5/3/2025 13:04,5/3/2025 13:11
Sound_Clips_Free\Effect\Mono\Medium\Nano Bot Swarm.wav,Nano Bot Swarm.wav,.wav,440352,5/3/2025 13:04,5/3/2025 13:11
Sound_Clips_Free\Effect\Mono\Medium\Nano Bot Swarm_1.ogg,Nano Bot Swarm_1.ogg,.ogg,52410,5/3/2025 13:06,5/3/2025 13:11
Sound_Clips_Free\Effect\Mono\Medium\Nano Bot Swarm_1.wav,Nano Bot Swarm_1.wav,.wav,440354,5/3/2025 13:06,5/3/2025 13:11
Sound_Clips_Free\Effect\Mono\Medium\Nano Bot Swarm_2.ogg,Nano Bot Swarm_2.ogg,.ogg,56188,5/3/2025 13:06,5/3/2025 13:11
Sound_Clips_Free\Effect\Mono\Medium\Nano Bot Swarm_2.wav,Nano Bot Swarm_2.wav,.wav,440354,5/3/2025 13:06,5/3/2025 13:11
Sound_Clips_Free\Effect\Mono\Medium\Nano Bot Swarm_3.ogg,Nano Bot Swarm_3.ogg,.ogg,52817,5/3/2025 13:06,5/3/2025 13:11
Sound_Clips_Free\Effect\Mono\Medium\Nano Bot Swarm_3.wav,Nano Bot Swarm_3.wav,.wav,440354,5/3/2025 13:06,5/3/2025 13:11
Sound_Clips_Free\Effect\Mono\Medium\Quantum Rift Open.ogg,Quantum Rift Open.ogg,.ogg,27704,5/3/2025 13:04,5/3/2025 13:11
Sound_Clips_Free\Effect\Mono\Medium\Quantum Rift Open.wav,Quantum Rift Open.wav,.wav,294580,5/3/2025 13:04,5/3/2025 13:11
Sound_Clips_Free\Effect\Mono\Medium\Quantum Rift Open_1.ogg,Quantum Rift Open_1.ogg,.ogg,30852,5/3/2025 13:06,5/3/2025 13:11
Sound_Clips_Free\Effect\Mono\Medium\Quantum Rift Open_1.wav,Quantum Rift Open_1.wav,.wav,294582,5/3/2025 13:06,5/3/2025 13:11
Sound_Clips_Free\Effect\Mono\Medium\Quantum Rift Open_2.ogg,Quantum Rift Open_2.ogg,.ogg,32320,5/3/2025 13:06,5/3/2025 13:11
Sound_Clips_Free\Effect\Mono\Medium\Quantum Rift Open_2.wav,Quantum Rift Open_2.wav,.wav,294582,5/3/2025 13:06,5/3/2025 13:11
Sound_Clips_Free\Effect\Mono\Medium\Quantum Rift Open_3.ogg,Quantum Rift Open_3.ogg,.ogg,31078,5/3/2025 13:06,5/3/2025 13:11
Sound_Clips_Free\Effect\Mono\Medium\Quantum Rift Open_3.wav,Quantum Rift Open_3.wav,.wav,294582,5/3/2025 13:06,5/3/2025 13:11
Sound_Clips_Free\Effect\Mono\Medium\Singularity Collapse.ogg,Singularity Collapse.ogg,.ogg,69368,5/3/2025 13:04,5/3/2025 13:11
Sound_Clips_Free\Effect\Mono\Medium\Singularity Collapse.wav,Singularity Collapse.wav,.wav,560706,5/3/2025 13:04,5/3/2025 13:11
Sound_Clips_Free\Effect\Mono\Medium\Singularity Collapse_1.ogg,Singularity Collapse_1.ogg,.ogg,54583,5/3/2025 13:06,5/3/2025 13:11
Sound_Clips_Free\Effect\Mono\Medium\Singularity Collapse_1.wav,Singularity Collapse_1.wav,.wav,560592,5/3/2025 13:06,5/3/2025 13:11
Sound_Clips_Free\Effect\Mono\Medium\Singularity Collapse_2.ogg,Singularity Collapse_2.ogg,.ogg,55200,5/3/2025 13:06,5/3/2025 13:11
Sound_Clips_Free\Effect\Mono\Medium\Singularity Collapse_2.wav,Singularity Collapse_2.wav,.wav,560592,5/3/2025 13:06,5/3/2025 13:11
Sound_Clips_Free\Effect\Mono\Medium\Singularity Collapse_3.ogg,Singularity Collapse_3.ogg,.ogg,54498,5/3/2025 13:06,5/3/2025 13:11
Sound_Clips_Free\Effect\Mono\Medium\Singularity Collapse_3.wav,Singularity Collapse_3.wav,.wav,560592,5/3/2025 13:06,5/3/2025 13:11
Sound_Clips_Free\Effect\Mono\Medium\Teleportation Warp.ogg,Teleportation Warp.ogg,.ogg,32137,5/3/2025 13:04,5/3/2025 13:11
Sound_Clips_Free\Effect\Mono\Medium\Teleportation Warp.wav,Teleportation Warp.wav,.wav,360282,5/3/2025 13:04,5/3/2025 13:11
Sound_Clips_Free\Effect\Mono\Medium\Teleportation Warp_1.ogg,Teleportation Warp_1.ogg,.ogg,37074,5/3/2025 13:06,5/3/2025 13:11
Sound_Clips_Free\Effect\Mono\Medium\Teleportation Warp_1.wav,Teleportation Warp_1.wav,.wav,360284,5/3/2025 13:06,5/3/2025 13:11
Sound_Clips_Free\Effect\Mono\Medium\Teleportation Warp_2.ogg,Teleportation Warp_2.ogg,.ogg,32897,5/3/2025 13:06,5/3/2025 13:11
Sound_Clips_Free\Effect\Mono\Medium\Teleportation Warp_2.wav,Teleportation Warp_2.wav,.wav,360284,5/3/2025 13:06,5/3/2025 13:11
Sound_Clips_Free\Effect\Mono\Medium\Teleportation Warp_3.ogg,Teleportation Warp_3.ogg,.ogg,37021,5/3/2025 13:06,5/3/2025 13:11
Sound_Clips_Free\Effect\Mono\Medium\Teleportation Warp_3.wav,Teleportation Warp_3.wav,.wav,360284,5/3/2025 13:06,5/3/2025 13:11
Sound_Clips_Free\Effect\Mono\Short\Android Overload.ogg,Android Overload.ogg,.ogg,23631,5/3/2025 13:04,5/3/2025 13:11
Sound_Clips_Free\Effect\Mono\Short\Android Overload.wav,Android Overload.wav,.wav,218380,5/3/2025 13:04,5/3/2025 13:11
Sound_Clips_Free\Effect\Mono\Short\Android Overload_1.ogg,Android Overload_1.ogg,.ogg,26289,5/3/2025 13:06,5/3/2025 13:11
Sound_Clips_Free\Effect\Mono\Short\Android Overload_1.wav,Android Overload_1.wav,.wav,218340,5/3/2025 13:06,5/3/2025 13:11
Sound_Clips_Free\Effect\Mono\Short\Android Overload_2.ogg,Android Overload_2.ogg,.ogg,28515,5/3/2025 13:06,5/3/2025 13:11
Sound_Clips_Free\Effect\Mono\Short\Android Overload_2.wav,Android Overload_2.wav,.wav,218340,5/3/2025 13:06,5/3/2025 13:11
Sound_Clips_Free\Effect\Mono\Short\Android Overload_3.ogg,Android Overload_3.ogg,.ogg,26579,5/3/2025 13:06,5/3/2025 13:11
Sound_Clips_Free\Effect\Mono\Short\Android Overload_3.wav,Android Overload_3.wav,.wav,218340,5/3/2025 13:06,5/3/2025 13:11
Sound_Clips_Free\Effect\Mono\Short\Cloaking Device Engage.ogg,Cloaking Device Engage.ogg,.ogg,20074,5/3/2025 13:04,5/3/2025 13:11
Sound_Clips_Free\Effect\Mono\Short\Cloaking Device Engage.wav,Cloaking Device Engage.wav,.wav,179290,5/3/2025 13:04,5/3/2025 13:11
Sound_Clips_Free\Effect\Mono\Short\Cloaking Device Engage_1.ogg,Cloaking Device Engage_1.ogg,.ogg,22694,5/3/2025 13:06,5/3/2025 13:11
Sound_Clips_Free\Effect\Mono\Short\Cloaking Device Engage_1.wav,Cloaking Device Engage_1.wav,.wav,179292,5/3/2025 13:06,5/3/2025 13:11
Sound_Clips_Free\Effect\Mono\Short\Cloaking Device Engage_2.ogg,Cloaking Device Engage_2.ogg,.ogg,22065,5/3/2025 13:06,5/3/2025 13:11
Sound_Clips_Free\Effect\Mono\Short\Cloaking Device Engage_2.wav,Cloaking Device Engage_2.wav,.wav,179292,5/3/2025 13:06,5/3/2025 13:11
Sound_Clips_Free\Effect\Mono\Short\Cloaking Device Engage_3.ogg,Cloaking Device Engage_3.ogg,.ogg,22820,5/3/2025 13:06,5/3/2025 13:11
Sound_Clips_Free\Effect\Mono\Short\Cloaking Device Engage_3.wav,Cloaking Device Engage_3.wav,.wav,179292,5/3/2025 13:06,5/3/2025 13:11
Sound_Clips_Free\Effect\Mono\Short\Exo Suit Power Up.ogg,Exo Suit Power Up.ogg,.ogg,29325,5/3/2025 13:04,5/3/2025 13:11
Sound_Clips_Free\Effect\Mono\Short\Exo Suit Power Up.wav,Exo Suit Power Up.wav,.wav,276196,5/3/2025 13:04,5/3/2025 13:11
Sound_Clips_Free\Effect\Mono\Short\Exo Suit Power Up_1.ogg,Exo Suit Power Up_1.ogg,.ogg,30568,5/3/2025 13:06,5/3/2025 13:11
Sound_Clips_Free\Effect\Mono\Short\Exo Suit Power Up_1.wav,Exo Suit Power Up_1.wav,.wav,276198,5/3/2025 13:06,5/3/2025 13:11
Sound_Clips_Free\Effect\Mono\Short\Exo Suit Power Up_2.ogg,Exo Suit Power Up_2.ogg,.ogg,32339,5/3/2025 13:06,5/3/2025 13:11
Sound_Clips_Free\Effect\Mono\Short\Exo Suit Power Up_2.wav,Exo Suit Power Up_2.wav,.wav,276198,5/3/2025 13:06,5/3/2025 13:11
Sound_Clips_Free\Effect\Mono\Short\Exo Suit Power Up_3.ogg,Exo Suit Power Up_3.ogg,.ogg,31039,5/3/2025 13:06,5/3/2025 13:11
Sound_Clips_Free\Effect\Mono\Short\Exo Suit Power Up_3.wav,Exo Suit Power Up_3.wav,.wav,276198,5/3/2025 13:06,5/3/2025 13:11
Sound_Clips_Free\Effect\Mono\Short\Mecha Transformatikon.wav,Mecha Transformatikon.wav,.wav,174444,5/3/2025 13:04,5/3/2025 13:11
Sound_Clips_Free\Effect\Mono\Short\Mecha Transformatikon_1.wav,Mecha Transformatikon_1.wav,.wav,174446,5/3/2025 13:06,5/3/2025 13:11
Sound_Clips_Free\Effect\Mono\Short\Mecha Transformatikon_2.wav,Mecha Transformatikon_2.wav,.wav,174446,5/3/2025 13:06,5/3/2025 13:11
Sound_Clips_Free\Effect\Mono\Short\Mecha Transformatikon_3.wav,Mecha Transformatikon_3.wav,.wav,174446,5/3/2025 13:06,5/3/2025 13:11
Sound_Clips_Free\Effect\Mono\Short\Mecha Transformation.ogg,Mecha Transformation.ogg,.ogg,21125,5/3/2025 13:04,5/3/2025 13:11
Sound_Clips_Free\Effect\Mono\Short\Mecha Transformation_1.ogg,Mecha Transformation_1.ogg,.ogg,22023,5/3/2025 13:06,5/3/2025 13:11
Sound_Clips_Free\Effect\Mono\Short\Mecha Transformation_2.ogg,Mecha Transformation_2.ogg,.ogg,22758,5/3/2025 13:06,5/3/2025 13:11
Sound_Clips_Free\Effect\Mono\Short\Mecha Transformation_3.ogg,Mecha Transformation_3.ogg,.ogg,22218,5/3/2025 13:06,5/3/2025 13:11
Sound_Clips_Free\Effect\Mono\Short\Telekinetic Push.ogg,Telekinetic Push.ogg,.ogg,20255,5/3/2025 13:04,5/3/2025 13:11
Sound_Clips_Free\Effect\Mono\Short\Telekinetic Push.wav,Telekinetic Push.wav,.wav,183070,5/3/2025 13:04,5/3/2025 13:11
Sound_Clips_Free\Effect\Mono\Short\Telekinetic Push_1.ogg,Telekinetic Push_1.ogg,.ogg,20543,5/3/2025 13:06,5/3/2025 13:11
Sound_Clips_Free\Effect\Mono\Short\Telekinetic Push_1.wav,Telekinetic Push_1.wav,.wav,183072,5/3/2025 13:06,5/3/2025 13:11
Sound_Clips_Free\Effect\Mono\Short\Telekinetic Push_2.ogg,Telekinetic Push_2.ogg,.ogg,20803,5/3/2025 13:06,5/3/2025 13:11
Sound_Clips_Free\Effect\Mono\Short\Telekinetic Push_2.wav,Telekinetic Push_2.wav,.wav,183072,5/3/2025 13:06,5/3/2025 13:11
Sound_Clips_Free\Effect\Mono\Short\Telekinetic Push_3.ogg,Telekinetic Push_3.ogg,.ogg,20555,5/3/2025 13:06,5/3/2025 13:11
Sound_Clips_Free\Effect\Mono\Short\Telekinetic Push_3.wav,Telekinetic Push_3.wav,.wav,183072,5/3/2025 13:06,5/3/2025 13:11
Sound_Clips_Free\Effect\Mono\Short\backups_20250503_115650\Telekinetic Push.ogg,Telekinetic Push.ogg,.ogg,19461,5/3/2025 13:04,5/3/2025 13:11
Sound_Clips_Free\Effect\Mono\Short\backups_20250503_115650\Telekinetic Push_1.ogg,Telekinetic Push_1.ogg,.ogg,19414,5/3/2025 13:06,5/3/2025 13:11
Sound_Clips_Free\Effect\Mono\Short\backups_20250503_115650\Telekinetic Push_2.ogg,Telekinetic Push_2.ogg,.ogg,19855,5/3/2025 13:06,5/3/2025 13:11
Sound_Clips_Free\Effect\Mono\Short\backups_20250503_115650\Telekinetic Push_3.ogg,Telekinetic Push_3.ogg,.ogg,19631,5/3/2025 13:06,5/3/2025 13:11
Sound_Clips_Free\Effect\Mono\Short\backups_20250503_120022\Android Overload.ogg,Android Overload.ogg,.ogg,23788,5/3/2025 13:04,5/3/2025 13:11
Sound_Clips_Free\Effect\Mono\Short\backups_20250503_120022\Android Overload.wav,Android Overload.wav,.wav,200694,5/3/2025 13:04,5/3/2025 13:11
Sound_Clips_Free\Effect\Mono\Short\backups_20250503_120022\Android Overload_1.ogg,Android Overload_1.ogg,.ogg,25920,5/3/2025 13:06,5/3/2025 13:11
Sound_Clips_Free\Effect\Mono\Short\backups_20250503_120022\Android Overload_1.wav,Android Overload_1.wav,.wav,200696,5/3/2025 13:06,5/3/2025 13:11
Sound_Clips_Free\Effect\Mono\Short\backups_20250503_120022\Android Overload_2.ogg,Android Overload_2.ogg,.ogg,28008,5/3/2025 13:06,5/3/2025 13:11
Sound_Clips_Free\Effect\Mono\Short\backups_20250503_120022\Android Overload_2.wav,Android Overload_2.wav,.wav,200696,5/3/2025 13:06,5/3/2025 13:11
Sound_Clips_Free\Effect\Mono\Short\backups_20250503_120022\Android Overload_3.ogg,Android Overload_3.ogg,.ogg,26327,5/3/2025 13:06,5/3/2025 13:11
Sound_Clips_Free\Effect\Mono\Short\backups_20250503_120022\Android Overload_3.wav,Android Overload_3.wav,.wav,200696,5/3/2025 13:06,5/3/2025 13:11
Sound_Clips_Free\Effect\Mono\Short\backups_20250503_120022\Cloaking Device Engage.ogg,Cloaking Device Engage.ogg,.ogg,20117,5/3/2025 13:04,5/3/2025 13:11
Sound_Clips_Free\Effect\Mono\Short\backups_20250503_120022\Cloaking Device Engage.wav,Cloaking Device Engage.wav,.wav,179290,5/3/2025 13:04,5/3/2025 13:11
Sound_Clips_Free\Effect\Mono\Short\backups_20250503_120022\Cloaking Device Engage_1.ogg,Cloaking Device Engage_1.ogg,.ogg,22670,5/3/2025 13:06,5/3/2025 13:11
Sound_Clips_Free\Effect\Mono\Short\backups_20250503_120022\Cloaking Device Engage_1.wav,Cloaking Device Engage_1.wav,.wav,179292,5/3/2025 13:06,5/3/2025 13:11
Sound_Clips_Free\Effect\Mono\Short\backups_20250503_120022\Cloaking Device Engage_2.ogg,Cloaking Device Engage_2.ogg,.ogg,22137,5/3/2025 13:06,5/3/2025 13:11
Sound_Clips_Free\Effect\Mono\Short\backups_20250503_120022\Cloaking Device Engage_2.wav,Cloaking Device Engage_2.wav,.wav,179292,5/3/2025 13:06,5/3/2025 13:11
Sound_Clips_Free\Effect\Mono\Short\backups_20250503_120022\Cloaking Device Engage_3.ogg,Cloaking Device Engage_3.ogg,.ogg,22906,5/3/2025 13:06,5/3/2025 13:11
Sound_Clips_Free\Effect\Mono\Short\backups_20250503_120022\Cloaking Device Engage_3.wav,Cloaking Device Engage_3.wav,.wav,179292,5/3/2025 13:06,5/3/2025 13:11
Sound_Clips_Free\Effect\Mono\Short\backups_20250503_120022\Exo Suit Power Up.ogg,Exo Suit Power Up.ogg,.ogg,29287,5/3/2025 13:04,5/3/2025 13:11
Sound_Clips_Free\Effect\Mono\Short\backups_20250503_120022\Exo Suit Power Up.wav,Exo Suit Power Up.wav,.wav,276196,5/3/2025 13:04,5/3/2025 13:11
Sound_Clips_Free\Effect\Mono\Short\backups_20250503_120022\Exo Suit Power Up_1.ogg,Exo Suit Power Up_1.ogg,.ogg,30381,5/3/2025 13:06,5/3/2025 13:11
Sound_Clips_Free\Effect\Mono\Short\backups_20250503_120022\Exo Suit Power Up_1.wav,Exo Suit Power Up_1.wav,.wav,276198,5/3/2025 13:06,5/3/2025 13:11
Sound_Clips_Free\Effect\Mono\Short\backups_20250503_120022\Exo Suit Power Up_2.ogg,Exo Suit Power Up_2.ogg,.ogg,32450,5/3/2025 13:06,5/3/2025 13:11
Sound_Clips_Free\Effect\Mono\Short\backups_20250503_120022\Exo Suit Power Up_2.wav,Exo Suit Power Up_2.wav,.wav,276198,5/3/2025 13:06,5/3/2025 13:11
Sound_Clips_Free\Effect\Mono\Short\backups_20250503_120022\Exo Suit Power Up_3.ogg,Exo Suit Power Up_3.ogg,.ogg,30940,5/3/2025 13:06,5/3/2025 13:11
Sound_Clips_Free\Effect\Mono\Short\backups_20250503_120022\Exo Suit Power Up_3.wav,Exo Suit Power Up_3.wav,.wav,276198,5/3/2025 13:06,5/3/2025 13:11
Sound_Clips_Free\Effect\Mono\Short\backups_20250503_120022\Mecha Transformatikon.wav,Mecha Transformatikon.wav,.wav,174444,5/3/2025 13:04,5/3/2025 13:11
Sound_Clips_Free\Effect\Mono\Short\backups_20250503_120022\Mecha Transformatikon_1.wav,Mecha Transformatikon_1.wav,.wav,174446,5/3/2025 13:06,5/3/2025 13:11
Sound_Clips_Free\Effect\Mono\Short\backups_20250503_120022\Mecha Transformatikon_2.wav,Mecha Transformatikon_2.wav,.wav,174446,5/3/2025 13:06,5/3/2025 13:11
Sound_Clips_Free\Effect\Mono\Short\backups_20250503_120022\Mecha Transformatikon_3.wav,Mecha Transformatikon_3.wav,.wav,174446,5/3/2025 13:06,5/3/2025 13:11
Sound_Clips_Free\Effect\Mono\Short\backups_20250503_120022\Mecha Transformation.ogg,Mecha Transformation.ogg,.ogg,21147,5/3/2025 13:04,5/3/2025 13:11
Sound_Clips_Free\Effect\Mono\Short\backups_20250503_120022\Mecha Transformation_1.ogg,Mecha Transformation_1.ogg,.ogg,22043,5/3/2025 13:06,5/3/2025 13:11
Sound_Clips_Free\Effect\Mono\Short\backups_20250503_120022\Mecha Transformation_2.ogg,Mecha Transformation_2.ogg,.ogg,22836,5/3/2025 13:06,5/3/2025 13:11
Sound_Clips_Free\Effect\Mono\Short\backups_20250503_120022\Mecha Transformation_3.ogg,Mecha Transformation_3.ogg,.ogg,22048,5/3/2025 13:06,5/3/2025 13:11
Sound_Clips_Free\Effect\Mono\Short\backups_20250503_120022\Telekinetic Push.ogg,Telekinetic Push.ogg,.ogg,19984,5/3/2025 13:04,5/3/2025 13:11
Sound_Clips_Free\Effect\Mono\Short\backups_20250503_120022\Telekinetic Push.wav,Telekinetic Push.wav,.wav,183070,5/3/2025 13:04,5/3/2025 13:11
Sound_Clips_Free\Effect\Mono\Short\backups_20250503_120022\Telekinetic Push_1.ogg,Telekinetic Push_1.ogg,.ogg,20041,5/3/2025 13:06,5/3/2025 13:11
Sound_Clips_Free\Effect\Mono\Short\backups_20250503_120022\Telekinetic Push_1.wav,Telekinetic Push_1.wav,.wav,183072,5/3/2025 13:06,5/3/2025 13:11
Sound_Clips_Free\Effect\Mono\Short\backups_20250503_120022\Telekinetic Push_2.ogg,Telekinetic Push_2.ogg,.ogg,20066,5/3/2025 13:06,5/3/2025 13:11
Sound_Clips_Free\Effect\Mono\Short\backups_20250503_120022\Telekinetic Push_2.wav,Telekinetic Push_2.wav,.wav,183072,5/3/2025 13:06,5/3/2025 13:11
Sound_Clips_Free\Effect\Mono\Short\backups_20250503_120022\Telekinetic Push_3.ogg,Telekinetic Push_3.ogg,.ogg,20092,5/3/2025 13:06,5/3/2025 13:11
Sound_Clips_Free\Effect\Mono\Short\backups_20250503_120022\Telekinetic Push_3.wav,Telekinetic Push_3.wav,.wav,183072,5/3/2025 13:06,5/3/2025 13:11
Sound_Clips_Free\Environment\Mono\Long\Nano Fabrication Hum_1.ogg,Nano Fabrication Hum_1.ogg,.ogg,136551,5/3/2025 13:04,5/3/2025 13:11
Sound_Clips_Free\Environment\Mono\Long\Nano Fabrication Hum_1.wav,Nano Fabrication Hum_1.wav,.wav,1004320,5/3/2025 13:04,5/3/2025 13:11
Sound_Clips_Free\Environment\Mono\Medium\Cryo Chamber Release.ogg,Cryo Chamber Release.ogg,.ogg,18154,5/3/2025 13:04,5/3/2025 13:11
Sound_Clips_Free\Environment\Mono\Medium\Cryo Chamber Release.wav,Cryo Chamber Release.wav,.wav,132504,5/3/2025 13:04,5/3/2025 13:11
Sound_Clips_Free\Environment\Mono\Medium\Cryo Chamber Release_1.ogg,Cryo Chamber Release_1.ogg,.ogg,18243,5/3/2025 13:08,5/3/2025 13:11
Sound_Clips_Free\Environment\Mono\Medium\Cryo Chamber Release_1.wav,Cryo Chamber Release_1.wav,.wav,132506,5/3/2025 13:08,5/3/2025 13:11
Sound_Clips_Free\Environment\Mono\Medium\Cryo Chamber Release_2.ogg,Cryo Chamber Release_2.ogg,.ogg,18248,5/3/2025 13:08,5/3/2025 13:11
Sound_Clips_Free\Environment\Mono\Medium\Cryo Chamber Release_2.wav,Cryo Chamber Release_2.wav,.wav,132506,5/3/2025 13:08,5/3/2025 13:11
Sound_Clips_Free\Environment\Mono\Medium\Cryo Chamber Release_3.ogg,Cryo Chamber Release_3.ogg,.ogg,18330,5/3/2025 13:08,5/3/2025 13:11
Sound_Clips_Free\Environment\Mono\Medium\Cryo Chamber Release_3.wav,Cryo Chamber Release_3.wav,.wav,132506,5/3/2025 13:08,5/3/2025 13:11
Sound_Clips_Free\Environment\Mono\Medium\Fusion Core Overheat.ogg,Fusion Core Overheat.ogg,.ogg,49320,5/3/2025 13:04,5/3/2025 13:11
Sound_Clips_Free\Environment\Mono\Medium\Fusion Core Overheat.wav,Fusion Core Overheat.wav,.wav,450002,5/3/2025 13:04,5/3/2025 13:11
Sound_Clips_Free\Environment\Mono\Medium\Fusion Core Overheat_1.ogg,Fusion Core Overheat_1.ogg,.ogg,50092,5/3/2025 13:08,5/3/2025 13:11
Sound_Clips_Free\Environment\Mono\Medium\Fusion Core Overheat_1.wav,Fusion Core Overheat_1.wav,.wav,450004,5/3/2025 13:08,5/3/2025 13:11
Sound_Clips_Free\Environment\Mono\Medium\Fusion Core Overheat_2.ogg,Fusion Core Overheat_2.ogg,.ogg,51493,5/3/2025 13:08,5/3/2025 13:11
Sound_Clips_Free\Environment\Mono\Medium\Fusion Core Overheat_2.wav,Fusion Core Overheat_2.wav,.wav,450004,5/3/2025 13:08,5/3/2025 13:11
Sound_Clips_Free\Environment\Mono\Medium\Fusion Core Overheat_3.ogg,Fusion Core Overheat_3.ogg,.ogg,49735,5/3/2025 13:08,5/3/2025 13:11
Sound_Clips_Free\Environment\Mono\Medium\Fusion Core Overheat_3.wav,Fusion Core Overheat_3.wav,.wav,450004,5/3/2025 13:08,5/3/2025 13:11
Sound_Clips_Free\Environment\Mono\Medium\Nano Fabrication Hum.wav,Nano Fabrication Hum.wav,.wav,584090,5/3/2025 13:04,5/3/2025 13:11
Sound_Clips_Free\Environment\Mono\Medium\Nano Fabrication Hum_1.wav,Nano Fabrication Hum_1.wav,.wav,584050,5/3/2025 13:08,5/3/2025 13:11
Sound_Clips_Free\Environment\Mono\Medium\Nano Fabrication Hum_2.wav,Nano Fabrication Hum_2.wav,.wav,584050,5/3/2025 13:08,5/3/2025 13:11
Sound_Clips_Free\Environment\Mono\Medium\Nano Fabrication Hum_3.wav,Nano Fabrication Hum_3.wav,.wav,584050,5/3/2025 13:08,5/3/2025 13:11
Sound_Clips_Free\Environment\Mono\Medium\Plasma Leak Hiss.ogg,Plasma Leak Hiss.ogg,.ogg,60860,5/3/2025 13:04,5/3/2025 13:11
Sound_Clips_Free\Environment\Mono\Medium\Plasma Leak Hiss.wav,Plasma Leak Hiss.wav,.wav,584086,5/3/2025 13:04,5/3/2025 13:11
Sound_Clips_Free\Environment\Mono\Medium\Plasma Leak Hiss_1.ogg,Plasma Leak Hiss_1.ogg,.ogg,62294,5/3/2025 13:08,5/3/2025 13:11
Sound_Clips_Free\Environment\Mono\Medium\Plasma Leak Hiss_1.wav,Plasma Leak Hiss_1.wav,.wav,584046,5/3/2025 13:08,5/3/2025 13:11
Sound_Clips_Free\Environment\Mono\Medium\Plasma Leak Hiss_2.ogg,Plasma Leak Hiss_2.ogg,.ogg,69585,5/3/2025 13:08,5/3/2025 13:11
Sound_Clips_Free\Environment\Mono\Medium\Plasma Leak Hiss_2.wav,Plasma Leak Hiss_2.wav,.wav,584046,5/3/2025 13:08,5/3/2025 13:11
Sound_Clips_Free\Environment\Mono\Medium\Plasma Leak Hiss_3.ogg,Plasma Leak Hiss_3.ogg,.ogg,60608,5/3/2025 13:08,5/3/2025 13:11
Sound_Clips_Free\Environment\Mono\Medium\Plasma Leak Hiss_3.wav,Plasma Leak Hiss_3.wav,.wav,584046,5/3/2025 13:08,5/3/2025 13:11
Sound_Clips_Free\Environment\Mono\Medium\Space Debris Impact.ogg,Space Debris Impact.ogg,.ogg,79293,5/3/2025 13:04,5/3/2025 13:11
Sound_Clips_Free\Environment\Mono\Medium\Space Debris Impact.wav,Space Debris Impact.wav,.wav,612734,5/3/2025 13:04,5/3/2025 13:11
Sound_Clips_Free\Environment\Mono\Medium\Space Debris Impact_1.ogg,Space Debris Impact_1.ogg,.ogg,57652,5/3/2025 13:08,5/3/2025 13:11
Sound_Clips_Free\Environment\Mono\Medium\Space Debris Impact_1.wav,Space Debris Impact_1.wav,.wav,612692,5/3/2025 13:08,5/3/2025 13:11
Sound_Clips_Free\Environment\Mono\Medium\Space Debris Impact_2.ogg,Space Debris Impact_2.ogg,.ogg,63779,5/3/2025 13:08,5/3/2025 13:11
Sound_Clips_Free\Environment\Mono\Medium\Space Debris Impact_2.wav,Space Debris Impact_2.wav,.wav,612692,5/3/2025 13:08,5/3/2025 13:11
Sound_Clips_Free\Environment\Mono\Medium\Space Debris Impact_3.ogg,Space Debris Impact_3.ogg,.ogg,57937,5/3/2025 13:08,5/3/2025 13:11
Sound_Clips_Free\Environment\Mono\Medium\Space Debris Impact_3.wav,Space Debris Impact_3.wav,.wav,612692,5/3/2025 13:08,5/3/2025 13:11
Sound_Clips_Free\Environment\Mono\Medium\Space Station Airlock.ogg,Space Station Airlock.ogg,.ogg,28306,5/3/2025 13:04,5/3/2025 13:11
Sound_Clips_Free\Environment\Mono\Medium\Space Station Airlock.wav,Space Station Airlock.wav,.wav,233038,5/3/2025 13:04,5/3/2025 13:11
Sound_Clips_Free\Environment\Mono\Medium\Space Station Airlock_1.ogg,Space Station Airlock_1.ogg,.ogg,29047,5/3/2025 13:08,5/3/2025 13:11
Sound_Clips_Free\Environment\Mono\Medium\Space Station Airlock_1.wav,Space Station Airlock_1.wav,.wav,233040,5/3/2025 13:08,5/3/2025 13:11
Sound_Clips_Free\Environment\Mono\Medium\Space Station Airlock_2.ogg,Space Station Airlock_2.ogg,.ogg,29328,5/3/2025 13:08,5/3/2025 13:11
Sound_Clips_Free\Environment\Mono\Medium\Space Station Airlock_2.wav,Space Station Airlock_2.wav,.wav,233040,5/3/2025 13:08,5/3/2025 13:11
Sound_Clips_Free\Environment\Mono\Medium\Space Station Airlock_3.ogg,Space Station Airlock_3.ogg,.ogg,29299,5/3/2025 13:08,5/3/2025 13:11
Sound_Clips_Free\Environment\Mono\Medium\Space Station Airlock_3.wav,Space Station Airlock_3.wav,.wav,233040,5/3/2025 13:08,5/3/2025 13:11
Sound_Clips_Free\Movement\Mono\Medium\Mech_Moving.ogg,Mech_Moving.ogg,.ogg,46792,5/3/2025 13:04,5/3/2025 13:11
Sound_Clips_Free\Movement\Mono\Medium\Mech_Moving.wav,Mech_Moving.wav,.wav,412836,5/3/2025 13:04,5/3/2025 13:11
Sound_Clips_Free\Movement\Mono\Medium\Mech_Moving_1.ogg,Mech_Moving_1.ogg,.ogg,47203,5/3/2025 13:08,5/3/2025 13:11
Sound_Clips_Free\Movement\Mono\Medium\Mech_Moving_1.wav,Mech_Moving_1.wav,.wav,412838,5/3/2025 13:08,5/3/2025 13:11
Sound_Clips_Free\Movement\Mono\Medium\Mech_Moving_2.ogg,Mech_Moving_2.ogg,.ogg,50502,5/3/2025 13:08,5/3/2025 13:11
Sound_Clips_Free\Movement\Mono\Medium\Mech_Moving_2.wav,Mech_Moving_2.wav,.wav,412838,5/3/2025 13:08,5/3/2025 13:11
Sound_Clips_Free\Movement\Mono\Medium\Mech_Moving_3.ogg,Mech_Moving_3.ogg,.ogg,47534,5/3/2025 13:08,5/3/2025 13:11
Sound_Clips_Free\Movement\Mono\Medium\Mech_Moving_3.wav,Mech_Moving_3.wav,.wav,412838,5/3/2025 13:08,5/3/2025 13:11
Sound_Clips_Free\Movement\Mono\Short\Escape Pod Launch.wav,Escape Pod Launch.wav,.wav,168306,5/3/2025 13:04,5/3/2025 13:11
Sound_Clips_Free\Movement\Mono\Short\Escape Pod Launch_1.wav,Escape Pod Launch_1.wav,.wav,168308,5/3/2025 13:08,5/3/2025 13:11
Sound_Clips_Free\Movement\Mono\Short\Escape Pod Launch_2.wav,Escape Pod Launch_2.wav,.wav,168308,5/3/2025 13:08,5/3/2025 13:11
Sound_Clips_Free\Movement\Mono\Short\Escape Pod Launch_3.wav,Escape Pod Launch_3.wav,.wav,168308,5/3/2025 13:08,5/3/2025 13:11
Sound_Clips_Free\Movement\Mono\Short\Zero G Movement.ogg,Zero G Movement.ogg,.ogg,11533,5/3/2025 13:04,5/3/2025 13:11
Sound_Clips_Free\Movement\Mono\Short\Zero G Movement.wav,Zero G Movement.wav,.wav,70290,5/3/2025 13:04,5/3/2025 13:11
Sound_Clips_Free\Movement\Mono\Short\Zero G Movement_1.ogg,Zero G Movement_1.ogg,.ogg,12026,5/3/2025 13:08,5/3/2025 13:11
Sound_Clips_Free\Movement\Mono\Short\Zero G Movement_1.wav,Zero G Movement_1.wav,.wav,70292,5/3/2025 13:08,5/3/2025 13:11
Sound_Clips_Free\Movement\Mono\Short\Zero G Movement_2.ogg,Zero G Movement_2.ogg,.ogg,11862,5/3/2025 13:08,5/3/2025 13:11
Sound_Clips_Free\Movement\Mono\Short\Zero G Movement_2.wav,Zero G Movement_2.wav,.wav,70292,5/3/2025 13:08,5/3/2025 13:11
Sound_Clips_Free\Movement\Mono\Short\Zero G Movement_3.ogg,Zero G Movement_3.ogg,.ogg,11962,5/3/2025 13:08,5/3/2025 13:11
Sound_Clips_Free\Movement\Mono\Short\Zero G Movement_3.wav,Zero G Movement_3.wav,.wav,70292,5/3/2025 13:08,5/3/2025 13:11
Sound_Clips_Free\UI\Mono\Medium\Cybernetic Implant Click.ogg,Cybernetic Implant Click.ogg,.ogg,16758,5/3/2025 13:04,5/3/2025 13:11
Sound_Clips_Free\UI\Mono\Medium\Cybernetic Implant Click.wav,Cybernetic Implant Click.wav,.wav,139420,5/3/2025 13:04,5/3/2025 13:11
Sound_Clips_Free\UI\Mono\Medium\Cybernetic Implant Click_1.ogg,Cybernetic Implant Click_1.ogg,.ogg,18377,5/3/2025 13:08,5/3/2025 13:11
Sound_Clips_Free\UI\Mono\Medium\Cybernetic Implant Click_1.wav,Cybernetic Implant Click_1.wav,.wav,139422,5/3/2025 13:08,5/3/2025 13:11
Sound_Clips_Free\UI\Mono\Medium\Cybernetic Implant Click_2.ogg,Cybernetic Implant Click_2.ogg,.ogg,17320,5/3/2025 13:08,5/3/2025 13:11
Sound_Clips_Free\UI\Mono\Medium\Cybernetic Implant Click_2.wav,Cybernetic Implant Click_2.wav,.wav,139422,5/3/2025 13:08,5/3/2025 13:11
Sound_Clips_Free\UI\Mono\Medium\Cybernetic Implant Click_3.ogg,Cybernetic Implant Click_3.ogg,.ogg,18348,5/3/2025 13:08,5/3/2025 13:11
Sound_Clips_Free\UI\Mono\Medium\Cybernetic Implant Click_3.wav,Cybernetic Implant Click_3.wav,.wav,139422,5/3/2025 13:08,5/3/2025 13:11
Sound_Clips_Free\UI\Mono\Medium\Data Stream Upload.ogg,Data Stream Upload.ogg,.ogg,49741,5/3/2025 13:04,5/3/2025 13:11
Sound_Clips_Free\UI\Mono\Medium\Data Stream Upload.wav,Data Stream Upload.wav,.wav,445846,5/3/2025 13:04,5/3/2025 13:11
Sound_Clips_Free\UI\Mono\Medium\Data Stream Upload_1.ogg,Data Stream Upload_1.ogg,.ogg,52213,5/3/2025 13:08,5/3/2025 13:11
Sound_Clips_Free\UI\Mono\Medium\Data Stream Upload_1.wav,Data Stream Upload_1.wav,.wav,445848,5/3/2025 13:08,5/3/2025 13:11
Sound_Clips_Free\UI\Mono\Medium\Data Stream Upload_2.ogg,Data Stream Upload_2.ogg,.ogg,54847,5/3/2025 13:08,5/3/2025 13:11
Sound_Clips_Free\UI\Mono\Medium\Data Stream Upload_2.wav,Data Stream Upload_2.wav,.wav,445848,5/3/2025 13:08,5/3/2025 13:11
Sound_Clips_Free\UI\Mono\Medium\Data Stream Upload_3.ogg,Data Stream Upload_3.ogg,.ogg,52227,5/3/2025 13:08,5/3/2025 13:11
Sound_Clips_Free\UI\Mono\Medium\Data Stream Upload_3.wav,Data Stream Upload_3.wav,.wav,445848,5/3/2025 13:08,5/3/2025 13:11
Sound_Clips_Free\UI\Mono\Short\Holo-Map Activation.ogg,Holo-Map Activation.ogg,.ogg,30592,5/3/2025 13:04,5/3/2025 13:11
Sound_Clips_Free\UI\Mono\Short\Holo-Map Activation.wav,Holo-Map Activation.wav,.wav,201838,5/3/2025 13:04,5/3/2025 13:11
Sound_Clips_Free\UI\Mono\Short\Holo-Map Activation_1.ogg,Holo-Map Activation_1.ogg,.ogg,24851,5/3/2025 13:08,5/3/2025 13:11
Sound_Clips_Free\UI\Mono\Short\Holo-Map Activation_1.wav,Holo-Map Activation_1.wav,.wav,201796,5/3/2025 13:08,5/3/2025 13:11
Sound_Clips_Free\UI\Mono\Short\Holo-Map Activation_2.ogg,Holo-Map Activation_2.ogg,.ogg,24973,5/3/2025 13:08,5/3/2025 13:11
Sound_Clips_Free\UI\Mono\Short\Holo-Map Activation_2.wav,Holo-Map Activation_2.wav,.wav,201796,5/3/2025 13:08,5/3/2025 13:11
Sound_Clips_Free\UI\Mono\Short\Holo-Map Activation_3.ogg,Holo-Map Activation_3.ogg,.ogg,25056,5/3/2025 13:08,5/3/2025 13:11
Sound_Clips_Free\UI\Mono\Short\Holo-Map Activation_3.wav,Holo-Map Activation_3.wav,.wav,201796,5/3/2025 13:08,5/3/2025 13:11
Sound_Clips_Free\UI\Mono\Short\Hologram Flicker.ogg,Hologram Flicker.ogg,.ogg,16095,5/3/2025 13:04,5/3/2025 13:11
Sound_Clips_Free\UI\Mono\Short\Hologram Flicker.wav,Hologram Flicker.wav,.wav,66538,5/3/2025 13:04,5/3/2025 13:11
Sound_Clips_Free\UI\Mono\Short\Hologram Flicker_1.ogg,Hologram Flicker_1.ogg,.ogg,12695,5/3/2025 13:08,5/3/2025 13:11
Sound_Clips_Free\UI\Mono\Short\Hologram Flicker_1.wav,Hologram Flicker_1.wav,.wav,66424,5/3/2025 13:08,5/3/2025 13:11
Sound_Clips_Free\UI\Mono\Short\Hologram Flicker_2.ogg,Hologram Flicker_2.ogg,.ogg,12541,5/3/2025 13:08,5/3/2025 13:11
Sound_Clips_Free\UI\Mono\Short\Hologram Flicker_2.wav,Hologram Flicker_2.wav,.wav,66424,5/3/2025 13:08,5/3/2025 13:11
Sound_Clips_Free\UI\Mono\Short\Hologram Flicker_3.ogg,Hologram Flicker_3.ogg,.ogg,12353,5/3/2025 13:08,5/3/2025 13:11
Sound_Clips_Free\UI\Mono\Short\Hologram Flicker_3.wav,Hologram Flicker_3.wav,.wav,66424,5/3/2025 13:08,5/3/2025 13:11
Sound_Clips_Free\UI\Mono\Short\Intercom Static.ogg,Intercom Static.ogg,.ogg,20111,5/3/2025 13:04,5/3/2025 13:11
Sound_Clips_Free\UI\Mono\Short\Intercom Static.wav,Intercom Static.wav,.wav,165876,5/3/2025 13:04,5/3/2025 13:11
Sound_Clips_Free\UI\Mono\Short\Intercom Static_1.ogg,Intercom Static_1.ogg,.ogg,20830,5/3/2025 13:08,5/3/2025 13:11
Sound_Clips_Free\UI\Mono\Short\Intercom Static_1.wav,Intercom Static_1.wav,.wav,165878,5/3/2025 13:08,5/3/2025 13:11
Sound_Clips_Free\UI\Mono\Short\Intercom Static_2.ogg,Intercom Static_2.ogg,.ogg,21067,5/3/2025 13:08,5/3/2025 13:11
Sound_Clips_Free\UI\Mono\Short\Intercom Static_2.wav,Intercom Static_2.wav,.wav,165878,5/3/2025 13:08,5/3/2025 13:11
Sound_Clips_Free\UI\Mono\Short\Intercom Static_3.ogg,Intercom Static_3.ogg,.ogg,20862,5/3/2025 13:08,5/3/2025 13:11
Sound_Clips_Free\UI\Mono\Short\Intercom Static_3.wav,Intercom Static_3.wav,.wav,165878,5/3/2025 13:08,5/3/2025 13:11
Sound_Clips_Free\UI\Mono\Short\Quantum Scanner Beep.ogg,Quantum Scanner Beep.ogg,.ogg,47550,5/3/2025 13:04,5/3/2025 13:11
Sound_Clips_Free\UI\Mono\Short\Quantum Scanner Beep.wav,Quantum Scanner Beep.wav,.wav,366652,5/3/2025 13:04,5/3/2025 13:11
Sound_Clips_Free\UI\Mono\Short\Quantum Scanner Beep_1.ogg,Quantum Scanner Beep_1.ogg,.ogg,33773,5/3/2025 13:08,5/3/2025 13:11
Sound_Clips_Free\UI\Mono\Short\Quantum Scanner Beep_1.wav,Quantum Scanner Beep_1.wav,.wav,366612,5/3/2025 13:08,5/3/2025 13:11
Sound_Clips_Free\UI\Mono\Short\Quantum Scanner Beep_2.ogg,Quantum Scanner Beep_2.ogg,.ogg,34900,5/3/2025 13:08,5/3/2025 13:11
Sound_Clips_Free\UI\Mono\Short\Quantum Scanner Beep_2.wav,Quantum Scanner Beep_2.wav,.wav,366612,5/3/2025 13:08,5/3/2025 13:11
Sound_Clips_Free\UI\Mono\Short\Quantum Scanner Beep_3.ogg,Quantum Scanner Beep_3.ogg,.ogg,34727,5/3/2025 13:08,5/3/2025 13:11
Sound_Clips_Free\UI\Mono\Short\Quantum Scanner Beep_3.wav,Quantum Scanner Beep_3.wav,.wav,366612,5/3/2025 13:08,5/3/2025 13:11
Sound_Clips_Free\Weapon\Mono\Medium\Alien_Shot_Exploding_Goo.ogg,Alien_Shot_Exploding_Goo.ogg,.ogg,48047,5/3/2025 13:04,5/3/2025 13:11
Sound_Clips_Free\Weapon\Mono\Medium\Alien_Shot_Exploding_Goo.wav,Alien_Shot_Exploding_Goo.wav,.wav,290316,5/3/2025 13:04,5/3/2025 13:11
Sound_Clips_Free\Weapon\Mono\Medium\Alien_Shot_Exploding_Goo_1.ogg,Alien_Shot_Exploding_Goo_1.ogg,.ogg,31396,5/3/2025 13:08,5/3/2025 13:11
Sound_Clips_Free\Weapon\Mono\Medium\Alien_Shot_Exploding_Goo_1.wav,Alien_Shot_Exploding_Goo_1.wav,.wav,290276,5/3/2025 13:08,5/3/2025 13:11
Sound_Clips_Free\Weapon\Mono\Medium\Alien_Shot_Exploding_Goo_2.ogg,Alien_Shot_Exploding_Goo_2.ogg,.ogg,35429,5/3/2025 13:08,5/3/2025 13:11
Sound_Clips_Free\Weapon\Mono\Medium\Alien_Shot_Exploding_Goo_2.wav,Alien_Shot_Exploding_Goo_2.wav,.wav,290276,5/3/2025 13:08,5/3/2025 13:11
Sound_Clips_Free\Weapon\Mono\Medium\Alien_Shot_Exploding_Goo_3.ogg,Alien_Shot_Exploding_Goo_3.ogg,.ogg,32314,5/3/2025 13:08,5/3/2025 13:11
Sound_Clips_Free\Weapon\Mono\Medium\Alien_Shot_Exploding_Goo_3.wav,Alien_Shot_Exploding_Goo_3.wav,.wav,290276,5/3/2025 13:08,5/3/2025 13:11
Sound_Clips_Free\Weapon\Mono\Medium\Antimatter Explosion.ogg,Antimatter Explosion.ogg,.ogg,51739,5/3/2025 13:04,5/3/2025 13:11
Sound_Clips_Free\Weapon\Mono\Medium\Antimatter Explosion.wav,Antimatter Explosion.wav,.wav,352092,5/3/2025 13:04,5/3/2025 13:11
Sound_Clips_Free\Weapon\Mono\Medium\Antimatter Explosion_1.ogg,Antimatter Explosion_1.ogg,.ogg,37667,5/3/2025 13:08,5/3/2025 13:11
Sound_Clips_Free\Weapon\Mono\Medium\Antimatter Explosion_1.wav,Antimatter Explosion_1.wav,.wav,352052,5/3/2025 13:08,5/3/2025 13:11
Sound_Clips_Free\Weapon\Mono\Medium\Antimatter Explosion_2.ogg,Antimatter Explosion_2.ogg,.ogg,38545,5/3/2025 13:08,5/3/2025 13:11
Sound_Clips_Free\Weapon\Mono\Medium\Antimatter Explosion_2.wav,Antimatter Explosion_2.wav,.wav,352052,5/3/2025 13:08,5/3/2025 13:11
Sound_Clips_Free\Weapon\Mono\Medium\Antimatter Explosion_3.ogg,Antimatter Explosion_3.ogg,.ogg,37842,5/3/2025 13:08,5/3/2025 13:11
Sound_Clips_Free\Weapon\Mono\Medium\Antimatter Explosion_3.wav,Antimatter Explosion_3.wav,.wav,352052,5/3/2025 13:08,5/3/2025 13:11
Sound_Clips_Free\Weapon\Mono\Medium\Ion_Cannon_Blast.ogg,Ion_Cannon_Blast.ogg,.ogg,15653,5/3/2025 13:04,5/3/2025 13:11
Sound_Clips_Free\Weapon\Mono\Medium\Ion_Cannon_Blast.wav,Ion_Cannon_Blast.wav,.wav,131212,5/3/2025 13:04,5/3/2025 13:11
Sound_Clips_Free\Weapon\Mono\Medium\Ion_Cannon_Blast_1.ogg,Ion_Cannon_Blast_1.ogg,.ogg,17189,5/3/2025 13:08,5/3/2025 13:11
Sound_Clips_Free\Weapon\Mono\Medium\Ion_Cannon_Blast_1.wav,Ion_Cannon_Blast_1.wav,.wav,131214,5/3/2025 13:08,5/3/2025 13:11
Sound_Clips_Free\Weapon\Mono\Medium\Ion_Cannon_Blast_2.ogg,Ion_Cannon_Blast_2.ogg,.ogg,16057,5/3/2025 13:08,5/3/2025 13:11
Sound_Clips_Free\Weapon\Mono\Medium\Ion_Cannon_Blast_2.wav,Ion_Cannon_Blast_2.wav,.wav,131214,5/3/2025 13:08,5/3/2025 13:11
Sound_Clips_Free\Weapon\Mono\Medium\Ion_Cannon_Blast_3.ogg,Ion_Cannon_Blast_3.ogg,.ogg,17195,5/3/2025 13:08,5/3/2025 13:11
Sound_Clips_Free\Weapon\Mono\Medium\Ion_Cannon_Blast_3.wav,Ion_Cannon_Blast_3.wav,.wav,131214,5/3/2025 13:08,5/3/2025 13:11
Sound_Clips_Free\Weapon\Mono\Medium\Neutron Turrnet Charging.ogg,Neutron Turrnet Charging.ogg,.ogg,35284,5/3/2025 13:04,5/3/2025 13:11
Sound_Clips_Free\Weapon\Mono\Medium\Neutron Turrnet Charging.wav,Neutron Turrnet Charging.wav,.wav,359584,5/3/2025 13:04,5/3/2025 13:11
Sound_Clips_Free\Weapon\Mono\Medium\Neutron Turrnet Charging_1.ogg,Neutron Turrnet Charging_1.ogg,.ogg,36449,5/3/2025 13:08,5/3/2025 13:11
Sound_Clips_Free\Weapon\Mono\Medium\Neutron Turrnet Charging_1.wav,Neutron Turrnet Charging_1.wav,.wav,359586,5/3/2025 13:08,5/3/2025 13:11
Sound_Clips_Free\Weapon\Mono\Medium\Neutron Turrnet Charging_2.ogg,Neutron Turrnet Charging_2.ogg,.ogg,38614,5/3/2025 13:08,5/3/2025 13:11
Sound_Clips_Free\Weapon\Mono\Medium\Neutron Turrnet Charging_2.wav,Neutron Turrnet Charging_2.wav,.wav,359586,5/3/2025 13:08,5/3/2025 13:11
Sound_Clips_Free\Weapon\Mono\Medium\Neutron Turrnet Charging_3.ogg,Neutron Turrnet Charging_3.ogg,.ogg,36811,5/3/2025 13:08,5/3/2025 13:11
Sound_Clips_Free\Weapon\Mono\Medium\Neutron Turrnet Charging_3.wav,Neutron Turrnet Charging_3.wav,.wav,359586,5/3/2025 13:08,5/3/2025 13:11
Sound_Clips_Free\Weapon\Mono\Medium\Orbital Lazer Strike_1.ogg,Orbital Lazer Strike_1.ogg,.ogg,120517,5/3/2025 13:08,5/3/2025 13:11
Sound_Clips_Free\Weapon\Mono\Medium\Orbital Lazer Strike_1.wav,Orbital Lazer Strike_1.wav,.wav,1065268,5/3/2025 13:09,5/3/2025 13:11
Sound_Clips_Free\Weapon\Mono\Medium\Photon_Explosion.ogg,Photon_Explosion.ogg,.ogg,26108,5/3/2025 13:04,5/3/2025 13:11
Sound_Clips_Free\Weapon\Mono\Medium\Photon_Explosion.wav,Photon_Explosion.wav,.wav,140622,5/3/2025 13:04,5/3/2025 13:11
Sound_Clips_Free\Weapon\Mono\Medium\Photon_Explosion_1.ogg,Photon_Explosion_1.ogg,.ogg,19255,5/3/2025 13:10,5/3/2025 13:11
Sound_Clips_Free\Weapon\Mono\Medium\Photon_Explosion_1.wav,Photon_Explosion_1.wav,.wav,140582,5/3/2025 13:10,5/3/2025 13:11
Sound_Clips_Free\Weapon\Mono\Medium\Photon_Explosion_2.ogg,Photon_Explosion_2.ogg,.ogg,19732,5/3/2025 13:10,5/3/2025 13:11
Sound_Clips_Free\Weapon\Mono\Medium\Photon_Explosion_2.wav,Photon_Explosion_2.wav,.wav,140582,5/3/2025 13:10,5/3/2025 13:11
Sound_Clips_Free\Weapon\Mono\Medium\Photon_Explosion_3.ogg,Photon_Explosion_3.ogg,.ogg,19448,5/3/2025 13:10,5/3/2025 13:11
Sound_Clips_Free\Weapon\Mono\Medium\Photon_Explosion_3.wav,Photon_Explosion_3.wav,.wav,140582,5/3/2025 13:10,5/3/2025 13:11
Sound_Clips_Free\Weapon\Mono\Medium\Plasma Sword Swing.ogg,Plasma Sword Swing.ogg,.ogg,33514,5/3/2025 13:04,5/3/2025 13:11
Sound_Clips_Free\Weapon\Mono\Medium\Plasma Sword Swing.wav,Plasma Sword Swing.wav,.wav,304498,5/3/2025 13:04,5/3/2025 13:11
Sound_Clips_Free\Weapon\Mono\Medium\Plasma Sword Swing_1.ogg,Plasma Sword Swing_1.ogg,.ogg,36193,5/3/2025 13:10,5/3/2025 13:11
Sound_Clips_Free\Weapon\Mono\Medium\Plasma Sword Swing_1.wav,Plasma Sword Swing_1.wav,.wav,304500,5/3/2025 13:10,5/3/2025 13:11
Sound_Clips_Free\Weapon\Mono\Medium\Plasma Sword Swing_2.ogg,Plasma Sword Swing_2.ogg,.ogg,39102,5/3/2025 13:10,5/3/2025 13:11
Sound_Clips_Free\Weapon\Mono\Medium\Plasma Sword Swing_2.wav,Plasma Sword Swing_2.wav,.wav,304500,5/3/2025 13:10,5/3/2025 13:11
Sound_Clips_Free\Weapon\Mono\Medium\Plasma Sword Swing_3.ogg,Plasma Sword Swing_3.ogg,.ogg,36441,5/3/2025 13:10,5/3/2025 13:11
Sound_Clips_Free\Weapon\Mono\Medium\Plasma Sword Swing_3.wav,Plasma Sword Swing_3.wav,.wav,304500,5/3/2025 13:10,5/3/2025 13:11
Sound_Clips_Free\Weapon\Mono\Medium\Plasma_Pistol_Shot.ogg,Plasma_Pistol_Shot.ogg,.ogg,34042,5/3/2025 13:04,5/3/2025 13:11
Sound_Clips_Free\Weapon\Mono\Medium\Plasma_Pistol_Shot.wav,Plasma_Pistol_Shot.wav,.wav,249490,5/3/2025 13:04,5/3/2025 13:11
Sound_Clips_Free\Weapon\Mono\Medium\Plasma_Pistol_Shot_1.ogg,Plasma_Pistol_Shot_1.ogg,.ogg,26482,5/3/2025 13:10,5/3/2025 13:11
Sound_Clips_Free\Weapon\Mono\Medium\Plasma_Pistol_Shot_1.wav,Plasma_Pistol_Shot_1.wav,.wav,249450,5/3/2025 13:10,5/3/2025 13:11
Sound_Clips_Free\Weapon\Mono\Medium\Plasma_Pistol_Shot_2.ogg,Plasma_Pistol_Shot_2.ogg,.ogg,26555,5/3/2025 13:10,5/3/2025 13:11
Sound_Clips_Free\Weapon\Mono\Medium\Plasma_Pistol_Shot_2.wav,Plasma_Pistol_Shot_2.wav,.wav,249450,5/3/2025 13:10,5/3/2025 13:11
Sound_Clips_Free\Weapon\Mono\Medium\Plasma_Pistol_Shot_3.ogg,Plasma_Pistol_Shot_3.ogg,.ogg,26431,5/3/2025 13:10,5/3/2025 13:11
Sound_Clips_Free\Weapon\Mono\Medium\Plasma_Pistol_Shot_3.wav,Plasma_Pistol_Shot_3.wav,.wav,249450,5/3/2025 13:10,5/3/2025 13:11
Sound_Clips_Free\Weapon\Mono\Medium\Ship_Mounted_Weapon.ogg,Ship_Mounted_Weapon.ogg,.ogg,14108,5/3/2025 13:04,5/3/2025 13:11
Sound_Clips_Free\Weapon\Mono\Medium\Ship_Mounted_Weapon.wav,Ship_Mounted_Weapon.wav,.wav,106090,5/3/2025 13:04,5/3/2025 13:11
Sound_Clips_Free\Weapon\Mono\Medium\Ship_Mounted_Weapon_1.ogg,Ship_Mounted_Weapon_1.ogg,.ogg,14592,5/3/2025 13:10,5/3/2025 13:11
Sound_Clips_Free\Weapon\Mono\Medium\Ship_Mounted_Weapon_1.wav,Ship_Mounted_Weapon_1.wav,.wav,106048,5/3/2025 13:10,5/3/2025 13:11
Sound_Clips_Free\Weapon\Mono\Medium\Ship_Mounted_Weapon_2.ogg,Ship_Mounted_Weapon_2.ogg,.ogg,14304,5/3/2025 13:10,5/3/2025 13:11
Sound_Clips_Free\Weapon\Mono\Medium\Ship_Mounted_Weapon_2.wav,Ship_Mounted_Weapon_2.wav,.wav,106048,5/3/2025 13:10,5/3/2025 13:11
Sound_Clips_Free\Weapon\Mono\Medium\Ship_Mounted_Weapon_3.ogg,Ship_Mounted_Weapon_3.ogg,.ogg,14323,5/3/2025 13:10,5/3/2025 13:11
Sound_Clips_Free\Weapon\Mono\Medium\Ship_Mounted_Weapon_3.wav,Ship_Mounted_Weapon_3.wav,.wav,106048,5/3/2025 13:10,5/3/2025 13:11
Sound_Clips_Free\Weapon\Mono\Medium\Zert_Auto_Rifle.ogg,Zert_Auto_Rifle.ogg,.ogg,13802,5/3/2025 13:04,5/3/2025 13:11
Sound_Clips_Free\Weapon\Mono\Medium\Zert_Auto_Rifle.wav,Zert_Auto_Rifle.wav,.wav,95634,5/3/2025 13:04,5/3/2025 13:11
Sound_Clips_Free\Weapon\Mono\Medium\Zert_Auto_Rifle_1.ogg,Zert_Auto_Rifle_1.ogg,.ogg,14398,5/3/2025 13:10,5/3/2025 13:11
Sound_Clips_Free\Weapon\Mono\Medium\Zert_Auto_Rifle_1.wav,Zert_Auto_Rifle_1.wav,.wav,95636,5/3/2025 13:10,5/3/2025 13:11
Sound_Clips_Free\Weapon\Mono\Medium\Zert_Auto_Rifle_2.ogg,Zert_Auto_Rifle_2.ogg,.ogg,14410,5/3/2025 13:10,5/3/2025 13:11
Sound_Clips_Free\Weapon\Mono\Medium\Zert_Auto_Rifle_2.wav,Zert_Auto_Rifle_2.wav,.wav,95636,5/3/2025 13:10,5/3/2025 13:11
Sound_Clips_Free\Weapon\Mono\Medium\Zert_Auto_Rifle_3.ogg,Zert_Auto_Rifle_3.ogg,.ogg,14180,5/3/2025 13:10,5/3/2025 13:11
Sound_Clips_Free\Weapon\Mono\Medium\Zert_Auto_Rifle_3.wav,Zert_Auto_Rifle_3.wav,.wav,95636,5/3/2025 13:10,5/3/2025 13:11
Sound_Clips_Free\Weapon\Mono\Short\Bio-Weapon Splat.ogg,Bio-Weapon Splat.ogg,.ogg,38171,5/3/2025 13:04,5/3/2025 13:11
Sound_Clips_Free\Weapon\Mono\Short\Bio-Weapon Splat.wav,Bio-Weapon Splat.wav,.wav,212566,5/3/2025 13:04,5/3/2025 13:11
Sound_Clips_Free\Weapon\Mono\Short\Bio-Weapon Splat_1.ogg,Bio-Weapon Splat_1.ogg,.ogg,25746,5/3/2025 13:10,5/3/2025 13:11
Sound_Clips_Free\Weapon\Mono\Short\Bio-Weapon Splat_1.wav,Bio-Weapon Splat_1.wav,.wav,212526,5/3/2025 13:10,5/3/2025 13:11
Sound_Clips_Free\Weapon\Mono\Short\Bio-Weapon Splat_2.ogg,Bio-Weapon Splat_2.ogg,.ogg,29046,5/3/2025 13:10,5/3/2025 13:11
Sound_Clips_Free\Weapon\Mono\Short\Bio-Weapon Splat_2.wav,Bio-Weapon Splat_2.wav,.wav,212526,5/3/2025 13:10,5/3/2025 13:11
Sound_Clips_Free\Weapon\Mono\Short\Bio-Weapon Splat_3.ogg,Bio-Weapon Splat_3.ogg,.ogg,25066,5/3/2025 13:10,5/3/2025 13:11
Sound_Clips_Free\Weapon\Mono\Short\Bio-Weapon Splat_3.wav,Bio-Weapon Splat_3.wav,.wav,212526,5/3/2025 13:10,5/3/2025 13:11
Sound_Clips_Free\Weapon\Mono\Short\Particle Accelerator Fire.ogg,Particle Accelerator Fire.ogg,.ogg,34474,5/3/2025 13:04,5/3/2025 13:11
Sound_Clips_Free\Weapon\Mono\Short\Particle Accelerator Fire.wav,Particle Accelerator Fire.wav,.wav,234494,5/3/2025 13:04,5/3/2025 13:11
Sound_Clips_Free\Weapon\Mono\Short\Particle Accelerator Fire_1.ogg,Particle Accelerator Fire_1.ogg,.ogg,28351,5/3/2025 13:10,5/3/2025 13:11
Sound_Clips_Free\Weapon\Mono\Short\Particle Accelerator Fire_1.wav,Particle Accelerator Fire_1.wav,.wav,234372,5/3/2025 13:10,5/3/2025 13:11
Sound_Clips_Free\Weapon\Mono\Short\Particle Accelerator Fire_2.ogg,Particle Accelerator Fire_2.ogg,.ogg,28625,5/3/2025 13:10,5/3/2025 13:11
Sound_Clips_Free\Weapon\Mono\Short\Particle Accelerator Fire_2.wav,Particle Accelerator Fire_2.wav,.wav,234372,5/3/2025 13:10,5/3/2025 13:11
Sound_Clips_Free\Weapon\Mono\Short\Particle Accelerator Fire_3.ogg,Particle Accelerator Fire_3.ogg,.ogg,28597,5/3/2025 13:10,5/3/2025 13:11
Sound_Clips_Free\Weapon\Mono\Short\Particle Accelerator Fire_3.wav,Particle Accelerator Fire_3.wav,.wav,234372,5/3/2025 13:10,5/3/2025 13:11
Sound_Clips_Free\Weapon\Mono\Short\Proximity Mine Arming.ogg,Proximity Mine Arming.ogg,.ogg,36178,5/3/2025 13:04,5/3/2025 13:11
Sound_Clips_Free\Weapon\Mono\Short\Proximity Mine Arming.wav,Proximity Mine Arming.wav,.wav,238824,5/3/2025 13:04,5/3/2025 13:11
Sound_Clips_Free\Weapon\Mono\Short\Proximity Mine Arming_1.ogg,Proximity Mine Arming_1.ogg,.ogg,28177,5/3/2025 13:10,5/3/2025 13:11
Sound_Clips_Free\Weapon\Mono\Short\Proximity Mine Arming_1.wav,Proximity Mine Arming_1.wav,.wav,238782,5/3/2025 13:10,5/3/2025 13:11
Sound_Clips_Free\Weapon\Mono\Short\Proximity Mine Arming_2.ogg,Proximity Mine Arming_2.ogg,.ogg,28608,5/3/2025 13:10,5/3/2025 13:11
Sound_Clips_Free\Weapon\Mono\Short\Proximity Mine Arming_2.wav,Proximity Mine Arming_2.wav,.wav,238782,5/3/2025 13:10,5/3/2025 13:11
Sound_Clips_Free\Weapon\Mono\Short\Proximity Mine Arming_3.ogg,Proximity Mine Arming_3.ogg,.ogg,27882,5/3/2025 13:10,5/3/2025 13:11
Sound_Clips_Free\Weapon\Mono\Short\Proximity Mine Arming_3.wav,Proximity Mine Arming_3.wav,.wav,238782,5/3/2025 13:10,5/3/2025 13:11
Sound_Clips_Free\Weapon\Mono\Short\Pulse Rifle Reload.ogg,Pulse Rifle Reload.ogg,.ogg,28243,5/3/2025 13:04,5/3/2025 13:11
Sound_Clips_Free\Weapon\Mono\Short\Pulse Rifle Reload.wav,Pulse Rifle Reload.wav,.wav,197938,5/3/2025 13:04,5/3/2025 13:11
Sound_Clips_Free\Weapon\Mono\Short\Pulse Rifle Reload_1.ogg,Pulse Rifle Reload_1.ogg,.ogg,21327,5/3/2025 13:10,5/3/2025 13:11
Sound_Clips_Free\Weapon\Mono\Short\Pulse Rifle Reload_1.wav,Pulse Rifle Reload_1.wav,.wav,197898,5/3/2025 13:10,5/3/2025 13:11
Sound_Clips_Free\Weapon\Mono\Short\Pulse Rifle Reload_2.ogg,Pulse Rifle Reload_2.ogg,.ogg,21621,5/3/2025 13:10,5/3/2025 13:11
Sound_Clips_Free\Weapon\Mono\Short\Pulse Rifle Reload_2.wav,Pulse Rifle Reload_2.wav,.wav,197898,5/3/2025 13:10,5/3/2025 13:11
Sound_Clips_Free\Weapon\Mono\Short\Pulse Rifle Reload_3.ogg,Pulse Rifle Reload_3.ogg,.ogg,20714,5/3/2025 13:10,5/3/2025 13:11
Sound_Clips_Free\Weapon\Mono\Short\Pulse Rifle Reload_3.wav,Pulse Rifle Reload_3.wav,.wav,197898,5/3/2025 13:10,5/3/2025 13:11
